Date,Anomaly
185001,-0.46
185002,-0.34
185003,-0.30
185004,-0.31
185005,-0.31
185006,-0.28
185007,-0.24
185008,-0.21
185009,-0.20
185010,-0.21
185011,-0.21
185012,-0.20
185101,-0.18
185102,-0.13
185103,-0.17
185104,-0.21
185105,-0.23
185106,-0.21
185107,-0.17
185108,-0.14
185109,-0.12
185110,-0.10
185111,-0.10
185112,-0.09
185201,-0.02
185202,-0.13
185203,-0.22
185204,-0.25
185205,-0.22
185206,-0.17
185207,-0.13
185208,-0.10
185209,-0.08
185210,-0.07
185211,-0.06
185212,-0.05
185301,-0.13
185302,-0.19
185303,-0.20
185304,-0.22
185305,-0.20
185306,-0.16
185307,-0.12
185308,-0.11
185309,-0.10
185310,-0.10
185311,-0.11
185312,-0.11
185401,-0.28
185402,-0.24
185403,-0.17
185404,-0.16
185405,-0.15
185406,-0.13
185407,-0.12
185408,-0.11
185409,-0.10
185410,-0.09
185411,-0.08
185412,-0.07
185501,-0.08
185502,-0.08
185503,-0.07
185504,-0.07
185505,-0.08
185506,-0.08
185507,-0.08
185508,-0.09
185509,-0.09
185510,-0.08
185511,-0.08
185512,-0.08
185601,0.18
185602,0.08
185603,0.01
185604,-0.05
185605,-0.08
185606,-0.07
185607,-0.08
185608,-0.11
185609,-0.12
185610,-0.15
185611,-0.15
185612,-0.15
185701,-0.15
185702,-0.25
185703,-0.22
185704,-0.24
185705,-0.26
185706,-0.25
185707,-0.24
185708,-0.23
185709,-0.23
185710,-0.22
185711,-0.22
185712,-0.20
185801,-0.13
185802,-0.18
185803,-0.16
185804,-0.16
185805,-0.21
185806,-0.20
185807,-0.19
185808,-0.19
185809,-0.19
185810,-0.19
185811,-0.18
185812,-0.19
185901,-0.15
185902,-0.11
185903,-0.07
185904,-0.07
185905,-0.05
185906,-0.04
185907,-0.06
185908,-0.05
185909,-0.06
185910,-0.07
185911,-0.07
185912,-0.05
186001,-0.13
186002,-0.16
186003,-0.18
186004,-0.19
186005,-0.20
186006,-0.19
186007,-0.20
186008,-0.19
186009,-0.20
186010,-0.21
186011,-0.21
186012,-0.23
186101,-0.62
186102,-0.57
186103,-0.47
186104,-0.44
186105,-0.43
186106,-0.40
186107,-0.36
186108,-0.33
186109,-0.31
186110,-0.31
186111,-0.29
186112,-0.29
186201,-0.44
186202,-0.46
186203,-0.43
186204,-0.43
186205,-0.42
186206,-0.39
186207,-0.38
186208,-0.36
186209,-0.35
186210,-0.36
186211,-0.34
186212,-0.35
186301,-0.13
186302,-0.19
186303,-0.17
186304,-0.17
186305,-0.18
186306,-0.18
186307,-0.19
186308,-0.19
186309,-0.21
186310,-0.21
186311,-0.21
186312,-0.21
186401,-0.33
186402,-0.29
186403,-0.26
186404,-0.25
186405,-0.22
186406,-0.19
186407,-0.18
186408,-0.18
186409,-0.19
186410,-0.20
186411,-0.20
186412,-0.20
186501,0.14
186502,-0.04
186503,-0.10
186504,-0.14
186505,-0.16
186506,-0.14
186507,-0.12
186508,-0.10
186509,-0.09
186510,-0.09
186511,-0.09
186512,-0.08
186601,0.02
186602,0.02
186603,-0.04
186604,-0.07
186605,-0.09
186606,-0.10
186607,-0.09
186608,-0.10
186609,-0.10
186610,-0.11
186611,-0.11
186612,-0.10
186701,-0.17
186702,-0.24
186703,-0.25
186704,-0.29
186705,-0.30
186706,-0.27
186707,-0.26
186708,-0.23
186709,-0.21
186710,-0.20
186711,-0.19
186712,-0.19
186801,-0.38
186802,-0.32
186803,-0.24
186804,-0.23
186805,-0.21
186806,-0.18
186807,-0.17
186808,-0.15
186809,-0.14
186810,-0.13
186811,-0.15
186812,-0.14
186901,0.03
186902,0.07
186903,0.03
186904,-0.02
186905,-0.02
186906,-0.03
186907,-0.04
186908,-0.05
186909,-0.06
186910,-0.08
186911,-0.07
186912,-0.06
187001,-0.15
187002,-0.22
187003,-0.19
187004,-0.20
187005,-0.18
187006,-0.16
187007,-0.14
187008,-0.12
187009,-0.12
187010,-0.14
187011,-0.15
187012,-0.16
187101,-0.36
187102,-0.34
187103,-0.24
187104,-0.18
187105,-0.17
187106,-0.14
187107,-0.13
187108,-0.12
187109,-0.13
187110,-0.15
187111,-0.16
187112,-0.16
187201,-0.27
187202,-0.27
187203,-0.24
187204,-0.25
187205,-0.24
187206,-0.22
187207,-0.20
187208,-0.18
187209,-0.17
187210,-0.18
187211,-0.19
187212,-0.20
187301,-0.21
187302,-0.22
187303,-0.28
187304,-0.32
187305,-0.30
187306,-0.27
187307,-0.24
187308,-0.22
187309,-0.20
187310,-0.20
187311,-0.20
187312,-0.20
187401,-0.22
187402,-0.21
187403,-0.27
187404,-0.27
187405,-0.29
187406,-0.27
187407,-0.26
187408,-0.26
187409,-0.24
187410,-0.24
187411,-0.24
187412,-0.23
187501,-0.13
187502,-0.17
187503,-0.19
187504,-0.19
187505,-0.19
187506,-0.18
187507,-0.16
187508,-0.16
187509,-0.17
187510,-0.17
187511,-0.20
187512,-0.22
187601,-0.23
187602,-0.32
187603,-0.28
187604,-0.28
187605,-0.32
187606,-0.29
187607,-0.27
187608,-0.26
187609,-0.25
187610,-0.24
187611,-0.24
187612,-0.24
187701,-0.09
187702,-0.08
187703,-0.02
187704,-0.02
187705,-0.01
187706,0.01
187707,0.05
187708,0.06
187709,0.07
187710,0.09
187711,0.11
187712,0.12
187801,0.14
187802,0.18
187803,0.26
187804,0.23
187805,0.20
187806,0.20
187807,0.21
187808,0.19
187809,0.18
187810,0.16
187811,0.14
187812,0.12
187901,-0.05
187902,-0.09
187903,-0.07
187904,-0.09
187905,-0.09
187906,-0.09
187907,-0.08
187908,-0.09
187909,-0.10
187910,-0.11
187911,-0.12
187912,-0.14
188001,-0.31
188002,-0.35
188003,-0.29
188004,-0.24
188005,-0.21
188006,-0.20
188007,-0.20
188008,-0.18
188009,-0.17
188010,-0.18
188011,-0.18
188012,-0.18
188101,-0.11
188102,-0.12
188103,-0.10
188104,-0.06
188105,-0.04
188106,-0.06
188107,-0.05
188108,-0.05
188109,-0.07
188110,-0.09
188111,-0.10
188112,-0.10
188201,0.10
188202,0.00
188203,-0.02
188204,-0.06
188205,-0.07
188206,-0.10
188207,-0.11
188208,-0.11
188209,-0.12
188210,-0.14
188211,-0.15
188212,-0.16
188301,-0.19
188302,-0.26
188303,-0.21
188304,-0.21
188305,-0.20
188306,-0.16
188307,-0.15
188308,-0.16
188309,-0.17
188310,-0.18
188311,-0.19
188312,-0.19
188401,-0.22
188402,-0.18
188403,-0.26
188404,-0.29
188405,-0.30
188406,-0.29
188407,-0.30
188408,-0.30
188409,-0.30
188410,-0.31
188411,-0.32
188412,-0.30
188501,-0.41
188502,-0.34
188503,-0.35
188504,-0.37
188505,-0.35
188506,-0.36
188507,-0.34
188508,-0.32
188509,-0.32
188510,-0.31
188511,-0.31
188512,-0.29
188601,-0.30
188602,-0.33
188603,-0.37
188604,-0.34
188605,-0.33
188606,-0.32
188607,-0.30
188608,-0.29
188609,-0.29
188610,-0.29
188611,-0.29
188612,-0.28
188701,-0.64
188702,-0.55
188703,-0.48
188704,-0.45
188705,-0.42
188706,-0.40
188707,-0.38
188708,-0.36
188709,-0.34
188710,-0.35
188711,-0.34
188712,-0.34
188801,-0.15
188802,-0.21
188803,-0.24
188804,-0.25
188805,-0.23
188806,-0.21
188807,-0.18
188808,-0.17
188809,-0.16
188810,-0.14
188811,-0.12
188812,-0.10
188901,0.06
188902,0.15
188903,0.13
188904,0.11
188905,0.11
188906,0.08
188907,0.06
188908,0.04
188909,0.02
188910,0.00
188911,-0.03
188912,-0.05
189001,-0.34
189002,-0.35
189003,-0.35
189004,-0.36
189005,-0.35
189006,-0.34
189007,-0.32
189008,-0.32
189009,-0.33
189010,-0.33
189011,-0.34
189012,-0.34
189101,-0.28
189102,-0.41
189103,-0.34
189104,-0.31
189105,-0.28
189106,-0.25
189107,-0.23
189108,-0.22
189109,-0.22
189110,-0.22
189111,-0.23
189112,-0.22
189201,-0.19
189202,-0.14
189203,-0.18
189204,-0.20
189205,-0.22
189206,-0.22
189207,-0.24
189208,-0.24
189209,-0.24
189210,-0.24
189211,-0.26
189212,-0.26
189301,-0.55
189302,-0.51
189303,-0.47
189304,-0.44
189305,-0.41
189306,-0.37
189307,-0.35
189308,-0.34
189309,-0.33
189310,-0.33
189311,-0.33
189312,-0.33
189401,-0.54
189402,-0.50
189403,-0.44
189404,-0.44
189405,-0.40
189406,-0.40
189407,-0.38
189408,-0.35
189409,-0.35
189410,-0.34
189411,-0.34
189412,-0.33
189501,-0.33
189502,-0.34
189503,-0.31
189504,-0.29
189505,-0.29
189506,-0.27
189507,-0.25
189508,-0.23
189509,-0.22
189510,-0.22
189511,-0.22
189512,-0.22
189601,-0.17
189602,-0.17
189603,-0.17
189604,-0.20
189605,-0.21
189606,-0.18
189607,-0.17
189608,-0.15
189609,-0.14
189610,-0.12
189611,-0.12
189612,-0.11
189701,-0.10
189702,-0.15
189703,-0.15
189704,-0.10
189705,-0.09
189706,-0.09
189707,-0.08
189708,-0.07
189709,-0.08
189710,-0.09
189711,-0.09
189712,-0.09
189801,-0.23
189802,-0.26
189803,-0.33
189804,-0.33
189805,-0.31
189806,-0.28
189807,-0.26
189808,-0.24
189809,-0.23
189810,-0.24
189811,-0.26
189812,-0.26
189901,-0.31
189902,-0.33
189903,-0.30
189904,-0.28
189905,-0.27
189906,-0.26
189907,-0.24
189908,-0.22
189909,-0.19
189910,-0.19
189911,-0.17
189912,-0.16
190001,-0.27
190002,-0.12
190003,-0.07
190004,-0.08
190005,-0.08
190006,-0.07
190007,-0.07
190008,-0.08
190009,-0.08
190010,-0.07
190011,-0.06
190012,-0.06
190101,-0.20
190102,-0.15
190103,-0.06
190104,-0.03
190105,-0.05
190106,-0.06
190107,-0.07
190108,-0.07
190109,-0.08
190110,-0.10
190111,-0.11
190112,-0.11
190201,-0.18
190202,-0.12
190203,-0.17
190204,-0.19
190205,-0.20
190206,-0.20
190207,-0.19
190208,-0.19
190209,-0.20
190210,-0.20
190211,-0.21
190212,-0.22
190301,-0.21
190302,-0.21
190303,-0.21
190304,-0.26
190305,-0.27
190306,-0.28
190307,-0.29
190308,-0.30
190309,-0.32
190310,-0.34
190311,-0.34
190312,-0.36
190401,-0.60
190402,-0.56
190403,-0.51
190404,-0.51
190405,-0.51
190406,-0.49
190407,-0.48
190408,-0.48
190409,-0.48
190410,-0.47
190411,-0.44
190412,-0.43
190501,-0.31
190502,-0.40
190503,-0.33
190504,-0.33
190505,-0.30
190506,-0.28
190507,-0.26
190508,-0.26
190509,-0.26
190510,-0.27
190511,-0.26
190512,-0.25
190601,-0.31
190602,-0.26
190603,-0.23
190604,-0.18
190605,-0.17
190606,-0.16
190607,-0.16
190608,-0.16
190609,-0.17
190610,-0.17
190611,-0.17
190612,-0.16
190701,-0.31
190702,-0.39
190703,-0.35
190704,-0.36
190705,-0.38
190706,-0.37
190707,-0.36
190708,-0.35
190709,-0.35
190710,-0.33
190711,-0.34
190712,-0.35
190801,-0.48
190802,-0.37
190803,-0.41
190804,-0.43
190805,-0.43
190806,-0.41
190807,-0.40
190808,-0.41
190809,-0.41
190810,-0.41
190811,-0.42
190812,-0.42
190901,-0.67
190902,-0.55
190903,-0.52
190904,-0.52
190905,-0.51
190906,-0.50
190907,-0.49
190908,-0.47
190909,-0.45
190910,-0.44
190911,-0.42
190912,-0.42
191001,-0.36
191002,-0.38
191003,-0.41
191004,-0.40
191005,-0.38
191006,-0.37
191007,-0.36
191008,-0.35
191009,-0.35
191010,-0.36
191011,-0.36
191012,-0.37
191101,-0.56
191102,-0.57
191103,-0.59
191104,-0.53
191105,-0.52
191106,-0.51
191107,-0.50
191108,-0.49
191109,-0.47
191110,-0.45
191111,-0.42
191112,-0.40
191201,-0.29
191202,-0.25
191203,-0.29
191204,-0.27
191205,-0.25
191206,-0.24
191207,-0.26
191208,-0.28
191209,-0.31
191210,-0.33
191211,-0.33
191212,-0.33
191301,-0.37
191302,-0.37
191303,-0.40
191304,-0.39
191305,-0.40
191306,-0.39
191307,-0.39
191308,-0.37
191309,-0.36
191310,-0.36
191311,-0.34
191312,-0.32
191401,-0.07
191402,-0.10
191403,-0.14
191404,-0.17
191405,-0.17
191406,-0.17
191407,-0.18
191408,-0.18
191409,-0.18
191410,-0.17
191411,-0.15
191412,-0.14
191501,-0.15
191502,-0.09
191503,-0.06
191504,-0.02
191505,-0.02
191506,-0.03
191507,-0.04
191508,-0.05
191509,-0.06
191510,-0.07
191511,-0.07
191512,-0.09
191601,-0.13
191602,-0.14
191603,-0.16
191604,-0.17
191605,-0.18
191606,-0.20
191607,-0.22
191608,-0.22
191609,-0.23
191610,-0.23
191611,-0.26
191612,-0.30
191701,-0.53
191702,-0.58
191703,-0.61
191704,-0.59
191705,-0.57
191706,-0.54
191707,-0.49
191708,-0.45
191709,-0.42
191710,-0.43
191711,-0.42
191712,-0.43
191801,-0.50
191802,-0.47
191803,-0.43
191804,-0.43
191805,-0.43
191806,-0.42
191807,-0.40
191808,-0.38
191809,-0.36
191810,-0.33
191811,-0.31
191812,-0.31
191901,-0.06
191902,-0.15
191903,-0.18
191904,-0.14
191905,-0.15
191906,-0.18
191907,-0.19
191908,-0.21
191909,-0.21
191910,-0.22
191911,-0.22
191912,-0.23
192001,-0.17
192002,-0.19
192003,-0.17
192004,-0.20
192005,-0.20
192006,-0.21
192007,-0.22
192008,-0.22
192009,-0.22
192010,-0.22
192011,-0.22
192012,-0.23
192101,-0.11
192102,-0.19
192103,-0.22
192104,-0.24
192105,-0.23
192106,-0.22
192107,-0.21
192108,-0.20
192109,-0.20
192110,-0.18
192111,-0.17
192112,-0.17
192201,-0.20
192202,-0.31
192203,-0.25
192204,-0.23
192205,-0.24
192206,-0.25
192207,-0.26
192208,-0.26
192209,-0.27
192210,-0.27
192211,-0.25
192212,-0.24
192301,-0.29
192302,-0.31
192303,-0.34
192304,-0.33
192305,-0.31
192306,-0.29
192307,-0.30
192308,-0.31
192309,-0.31
192310,-0.29
192311,-0.27
192312,-0.25
192401,-0.17
192402,-0.17
192403,-0.13
192404,-0.15
192405,-0.15
192406,-0.15
192407,-0.17
192408,-0.20
192409,-0.21
192410,-0.22
192411,-0.22
192412,-0.23
192501,-0.42
192502,-0.39
192503,-0.34
192504,-0.30
192505,-0.28
192506,-0.28
192507,-0.27
192508,-0.26
192509,-0.26
192510,-0.25
192511,-0.23
192512,-0.20
192601,0.16
192602,0.10
192603,0.10
192604,0.08
192605,0.02
192606,0.00
192607,-0.04
192608,-0.05
192609,-0.06
192610,-0.06
192611,-0.06
192612,-0.07
192701,-0.26
192702,-0.21
192703,-0.25
192704,-0.26
192705,-0.25
192706,-0.24
192707,-0.23
192708,-0.21
192709,-0.19
192710,-0.17
192711,-0.16
192712,-0.17
192801,-0.08
192802,-0.10
192803,-0.14
192804,-0.16
192805,-0.16
192806,-0.17
192807,-0.17
192808,-0.18
192809,-0.17
192810,-0.17
192811,-0.16
192812,-0.16
192901,-0.35
192902,-0.39
192903,-0.37
192904,-0.37
192905,-0.37
192906,-0.37
192907,-0.37
192908,-0.35
192909,-0.34
192910,-0.32
192911,-0.31
192912,-0.32
193001,-0.32
193002,-0.27
193003,-0.23
193004,-0.21
193005,-0.20
193006,-0.19
193007,-0.17
193008,-0.17
193009,-0.16
193010,-0.15
193011,-0.12
193012,-0.11
193101,-0.02
193102,-0.10
193103,-0.08
193104,-0.10
193105,-0.10
193106,-0.09
193107,-0.08
193108,-0.07
193109,-0.06
193110,-0.05
193111,-0.05
193112,-0.05
193201,0.13
193202,-0.04
193203,-0.06
193204,-0.05
193205,-0.07
193206,-0.07
193207,-0.09
193208,-0.11
193209,-0.11
193210,-0.10
193211,-0.12
193212,-0.12
193301,-0.16
193302,-0.22
193303,-0.22
193304,-0.21
193305,-0.21
193306,-0.22
193307,-0.22
193308,-0.22
193309,-0.23
193310,-0.23
193311,-0.23
193312,-0.24
193401,-0.26
193402,-0.17
193403,-0.20
193404,-0.22
193405,-0.18
193406,-0.17
193407,-0.16
193408,-0.15
193409,-0.14
193410,-0.13
193411,-0.11
193412,-0.10
193501,-0.29
193502,-0.09
193503,-0.11
193504,-0.17
193505,-0.18
193506,-0.20
193507,-0.19
193508,-0.18
193509,-0.17
193510,-0.16
193511,-0.16
193512,-0.15
193601,-0.29
193602,-0.28
193603,-0.25
193604,-0.22
193605,-0.20
193606,-0.19
193607,-0.17
193608,-0.15
193609,-0.14
193610,-0.13
193611,-0.12
193612,-0.11
193701,-0.06
193702,-0.03
193703,-0.08
193704,-0.10
193705,-0.09
193706,-0.08
193707,-0.07
193708,-0.05
193709,-0.03
193710,-0.01
193711,0.00
193712,-0.01
193801,0.04
193802,0.05
193803,0.06
193804,0.06
193805,0.04
193806,0.00
193807,0.00
193808,-0.01
193809,0.00
193810,0.01
193811,0.02
193812,0.01
193901,-0.06
193902,-0.06
193903,-0.11
193904,-0.11
193905,-0.09
193906,-0.07
193907,-0.06
193908,-0.04
193909,-0.04
193910,-0.04
193911,-0.02
193912,0.02
194001,0.14
194002,0.13
194003,0.13
194004,0.16
194005,0.16
194006,0.15
194007,0.14
194008,0.13
194009,0.13
194010,0.13
194011,0.14
194012,0.15
194101,0.19
194102,0.26
194103,0.22
194104,0.23
194105,0.22
194106,0.22
194107,0.22
194108,0.22
194109,0.21
194110,0.22
194111,0.22
194112,0.23
194201,0.31
194202,0.16
194203,0.14
194204,0.14
194205,0.13
194206,0.13
194207,0.11
194208,0.11
194209,0.10
194210,0.09
194211,0.09
194212,0.09
194301,0.00
194302,0.04
194303,0.01
194304,0.04
194305,0.04
194306,0.01
194307,0.02
194308,0.02
194309,0.03
194310,0.05
194311,0.06
194312,0.08
194401,0.32
194402,0.30
194403,0.30
194404,0.28
194405,0.27
194406,0.26
194407,0.25
194408,0.24
194409,0.25
194410,0.25
194411,0.25
194412,0.24
194501,0.21
194502,0.14
194503,0.12
194504,0.16
194505,0.16
194506,0.15
194507,0.15
194508,0.17
194509,0.18
194510,0.17
194511,0.17
194512,0.15
194601,0.19
194602,0.11
194603,0.06
194604,0.05
194605,0.04
194606,0.01
194607,0.00
194608,-0.02
194609,-0.02
194610,-0.03
194611,-0.02
194612,-0.04
194701,0.01
194702,0.02
194703,0.03
194704,0.04
194705,0.03
194706,0.04
194707,0.04
194708,0.02
194709,0.01
194710,0.01
194711,0.01
194712,0.00
194801,0.01
194802,-0.04
194803,-0.10
194804,-0.09
194805,-0.05
194806,-0.05
194807,-0.05
194808,-0.05
194809,-0.05
194810,-0.05
194811,-0.05
194812,-0.07
194901,0.09
194902,-0.01
194903,0.00
194904,-0.01
194905,-0.01
194906,-0.03
194907,-0.04
194908,-0.04
194909,-0.05
194910,-0.05
194911,-0.06
194912,-0.06
195001,-0.20
195002,-0.20
195003,-0.16
195004,-0.16
195005,-0.13
195006,-0.11
195007,-0.10
195008,-0.10
195009,-0.10
195010,-0.10
195011,-0.12
195012,-0.13
195101,-0.32
195102,-0.35
195103,-0.27
195104,-0.24
195105,-0.19
195106,-0.15
195107,-0.12
195108,-0.10
195109,-0.07
195110,-0.05
195111,-0.04
195112,-0.03
195201,0.15
195202,0.13
195203,0.08
195204,0.09
195205,0.07
195206,0.06
195207,0.06
195208,0.06
195209,0.06
195210,0.06
195211,0.05
195212,0.05
195301,0.09
195302,0.13
195303,0.15
195304,0.18
195305,0.18
195306,0.18
195307,0.15
195308,0.14
195309,0.12
195310,0.12
195311,0.11
195312,0.10
195401,-0.17
195402,-0.11
195403,-0.11
195404,-0.12
195405,-0.13
195406,-0.12
195407,-0.12
195408,-0.12
195409,-0.11
195410,-0.10
195411,-0.09
195412,-0.09
195501,0.13
195502,-0.02
195503,-0.11
195504,-0.13
195505,-0.13
195506,-0.13
195507,-0.12
195508,-0.10
195509,-0.10
195510,-0.10
195511,-0.11
195512,-0.12
195601,-0.08
195602,-0.12
195603,-0.12
195604,-0.15
195605,-0.17
195606,-0.17
195607,-0.16
195608,-0.17
195609,-0.17
195610,-0.18
195611,-0.18
195612,-0.16
195701,-0.04
195702,-0.05
195703,-0.06
195704,-0.03
195705,0.00
195706,0.03
195707,0.03
195708,0.05
195709,0.06
195710,0.06
195711,0.06
195712,0.06
195801,0.36
195802,0.28
195803,0.23
195804,0.19
195805,0.17
195806,0.15
195807,0.15
195808,0.13
195809,0.11
195810,0.11
195811,0.10
195812,0.10
195901,0.13
195902,0.11
195903,0.15
195904,0.15
195905,0.14
195906,0.13
195907,0.12
195908,0.12
195909,0.10
195910,0.09
195911,0.08
195912,0.08
196001,0.05
196002,0.10
196003,-0.01
196004,-0.04
196005,-0.04
196006,-0.04
196007,-0.03
196008,-0.02
196009,-0.01
196010,0.00
196011,-0.01
196012,0.01
196101,0.11
196102,0.14
196103,0.13
196104,0.14
196105,0.14
196106,0.14
196107,0.13
196108,0.12
196109,0.11
196110,0.10
196111,0.09
196112,0.08
196201,0.07
196202,0.11
196203,0.13
196204,0.11
196205,0.08
196206,0.07
196207,0.07
196208,0.06
196209,0.06
196210,0.05
196211,0.06
196212,0.06
196301,0.02
196302,0.12
196303,0.04
196304,0.02
196305,0.01
196306,0.01
196307,0.02
196308,0.05
196309,0.06
196310,0.07
196311,0.07
196312,0.07
196401,-0.05
196402,-0.08
196403,-0.12
196404,-0.16
196405,-0.17
196406,-0.15
196407,-0.13
196408,-0.13
196409,-0.14
196410,-0.15
196411,-0.16
196412,-0.17
196501,-0.07
196502,-0.11
196503,-0.12
196504,-0.13
196505,-0.12
196506,-0.12
196507,-0.11
196508,-0.10
196509,-0.10
196510,-0.09
196511,-0.08
196512,-0.08
196601,-0.14
196602,-0.09
196603,-0.06
196604,-0.07
196605,-0.07
196606,-0.05
196607,-0.02
196608,-0.02
196609,-0.02
196610,-0.03
196611,-0.03
196612,-0.03
196701,-0.09
196702,-0.14
196703,-0.08
196704,-0.06
196705,-0.01
196706,-0.01
196707,-0.01
196708,0.00
196709,0.00
196710,0.01
196711,0.01
196712,0.01
196801,-0.21
196802,-0.17
196803,-0.06
196804,-0.05
196805,-0.06
196806,-0.05
196807,-0.06
196808,-0.05
196809,-0.05
196810,-0.04
196811,-0.05
196812,-0.05
196901,-0.06
196902,-0.06
196903,-0.02
196904,0.03
196905,0.07
196906,0.08
196907,0.07
196908,0.07
196909,0.07
196910,0.08
196911,0.08
196912,0.10
197001,0.17
197002,0.19
197003,0.16
197004,0.15
197005,0.12
197006,0.10
197007,0.10
197008,0.08
197009,0.08
197010,0.07
197011,0.07
197012,0.05
197101,-0.04
197102,-0.09
197103,-0.09
197104,-0.09
197105,-0.07
197106,-0.07
197107,-0.07
197108,-0.06
197109,-0.05
197110,-0.05
197111,-0.06
197112,-0.06
197201,-0.19
197202,-0.16
197203,-0.08
197204,-0.04
197205,-0.03
197206,-0.01
197207,0.00
197208,0.03
197209,0.04
197210,0.04
197211,0.04
197212,0.06
197301,0.31
197302,0.32
197303,0.31
197304,0.32
197305,0.31
197306,0.30
197307,0.28
197308,0.26
197309,0.25
197310,0.23
197311,0.21
197312,0.20
197401,-0.08
197402,-0.17
197403,-0.13
197404,-0.12
197405,-0.09
197406,-0.08
197407,-0.06
197408,-0.04
197409,-0.04
197410,-0.04
197411,-0.05
197412,-0.05
197501,0.05
197502,0.07
197503,0.10
197504,0.10
197505,0.11
197506,0.11
197507,0.09
197508,0.07
197509,0.06
197510,0.04
197511,0.02
197512,0.01
197601,-0.02
197602,-0.05
197603,-0.09
197604,-0.07
197605,-0.09
197606,-0.09
197607,-0.08
197608,-0.07
197609,-0.06
197610,-0.08
197611,-0.07
197612,-0.05
197701,0.25
197702,0.23
197703,0.23
197704,0.24
197705,0.25
197706,0.26
197707,0.25
197708,0.25
197709,0.23
197710,0.22
197711,0.21
197712,0.21
197801,0.12
197802,0.14
197803,0.17
197804,0.16
197805,0.15
197806,0.13
197807,0.13
197808,0.10
197809,0.10
197810,0.10
197811,0.10
197812,0.11
197901,0.16
197902,0.06
197903,0.10
197904,0.10
197905,0.11
197906,0.12
197907,0.12
197908,0.13
197909,0.15
197910,0.16
197911,0.17
197912,0.20
198001,0.37
198002,0.41
198003,0.39
198004,0.38
198005,0.38
198006,0.36
198007,0.36
198008,0.35
198009,0.34
198010,0.32
198011,0.32
198012,0.31
198101,0.52
198102,0.48
198103,0.47
198104,0.44
198105,0.41
198106,0.39
198107,0.38
198108,0.38
198109,0.36
198110,0.35
198111,0.34
198112,0.35
198201,0.10
198202,0.15
198203,0.12
198204,0.13
198205,0.14
198206,0.13
198207,0.14
198208,0.14
198209,0.14
198210,0.14
198211,0.15
198212,0.17
198301,0.49
198302,0.47
198303,0.46
198304,0.41
198305,0.41
198306,0.39
198307,0.37
198308,0.37
198309,0.37
198310,0.36
198311,0.36
198312,0.35
198401,0.30
198402,0.25
198403,0.27
198404,0.23
198405,0.26
198406,0.23
198407,0.22
198408,0.22
198409,0.22
198410,0.22
198411,0.21
198412,0.19
198501,0.28
198502,0.16
198503,0.18
198504,0.17
198505,0.17
198506,0.18
198507,0.16
198508,0.16
198509,0.16
198510,0.16
198511,0.15
198512,0.16
198601,0.28
198602,0.34
198603,0.33
198604,0.31
198605,0.30
198606,0.28
198607,0.27
198608,0.26
198609,0.24
198610,0.24
198611,0.23
198612,0.23
198701,0.34
198702,0.36
198703,0.31
198704,0.30
198705,0.30
198706,0.31
198707,0.34
198708,0.33
198709,0.34
198710,0.34
198711,0.33
198712,0.34
198801,0.55
198802,0.50
198803,0.51
198804,0.50
198805,0.49
198806,0.48
198807,0.46
198808,0.46
198809,0.45
198810,0.44
198811,0.41
198812,0.40
198901,0.10
198902,0.21
198903,0.25
198904,0.26
198905,0.25
198906,0.25
198907,0.25
198908,0.26
198909,0.28
198910,0.28
198911,0.27
198912,0.28
199001,0.39
199002,0.38
199003,0.51
199004,0.53
199005,0.53
199006,0.51
199007,0.49
199008,0.48
199009,0.46
199010,0.46
199011,0.45
199012,0.45
199101,0.40
199102,0.45
199103,0.42
199104,0.45
199105,0.44
199106,0.46
199107,0.46
199108,0.46
199109,0.45
199110,0.44
199111,0.43
199112,0.42
199201,0.44
199202,0.43
199203,0.45
199204,0.41
199205,0.39
199206,0.38
199207,0.34
199208,0.31
199209,0.28
199210,0.26
199211,0.24
199212,0.24
199301,0.33
199302,0.36
199303,0.36
199304,0.35
199305,0.34
199306,0.34
199307,0.33
199308,0.31
199309,0.30
199310,0.29
199311,0.27
199312,0.27
199401,0.23
199402,0.15
199403,0.20
199404,0.25
199405,0.26
199406,0.29
199407,0.30
199408,0.29
199409,0.30
199410,0.31
199411,0.32
199412,0.33
199501,0.55
199502,0.65
199503,0.61
199504,0.58
199505,0.53
199506,0.52
199507,0.52
199508,0.52
199509,0.51
199510,0.50
199511,0.50
199512,0.48
199601,0.28
199602,0.39
199603,0.38
199604,0.37
199605,0.36
199606,0.35
199607,0.36
199608,0.37
199609,0.36
199610,0.34
199611,0.35
199612,0.35
199701,0.27
199702,0.32
199703,0.38
199704,0.39
199705,0.39
199706,0.42
199707,0.42
199708,0.42
199709,0.44
199710,0.46
199711,0.48
199712,0.49
199801,0.59
199802,0.70
199803,0.68
199804,0.69
199805,0.69
199806,0.70
199807,0.70
199808,0.70
199809,0.68
199810,0.66
199811,0.64
199812,0.63
199901,0.47
199902,0.56
199903,0.50
199904,0.46
199905,0.44
199906,0.43
199907,0.42
199908,0.42
199909,0.42
199910,0.41
199911,0.41
199912,0.41
200001,0.32
200002,0.44
200003,0.47
200004,0.50
200005,0.47
200006,0.46
200007,0.45
200008,0.45
200009,0.45
200010,0.44
200011,0.42
200012,0.41
200101,0.45
200102,0.44
200103,0.48
200104,0.49
200105,0.51
200106,0.51
200107,0.53
200108,0.53
200109,0.53
200110,0.53
200111,0.54
200112,0.55
200201,0.68
200202,0.68
200203,0.73
200204,0.69
200205,0.68
200206,0.67
200207,0.66
200208,0.65
200209,0.65
200210,0.64
200211,0.63
200212,0.62
200301,0.72
200302,0.67
200303,0.64
200304,0.63
200305,0.62
200306,0.60
200307,0.60
200308,0.60
200309,0.61
200310,0.63
200311,0.62
200312,0.63
200401,0.62
200402,0.67
200403,0.67
200404,0.66
200405,0.60
200406,0.58
200407,0.55
200408,0.54
200409,0.54
200410,0.55
200411,0.56
200412,0.56
200501,0.76
200502,0.70
200503,0.72
200504,0.71
200505,0.70
200506,0.70
200507,0.69
200508,0.68
200509,0.68
200510,0.69
200511,0.69
200512,0.70
200601,0.60
200602,0.68
200603,0.68
200604,0.65
200605,0.63
200606,0.63
200607,0.62
200608,0.63
200609,0.64
200610,0.64
200611,0.64
200612,0.66
200701,0.92
200702,0.82
200703,0.77
200704,0.77
200705,0.75
200706,0.72
200707,0.70
200708,0.69
200709,0.68
200710,0.67
200711,0.66
200712,0.65
200801,0.28
200802,0.30
200803,0.44
200804,0.46
200805,0.47
200806,0.47
200807,0.49
200808,0.49
200809,0.51
200810,0.52
200811,0.54
200812,0.54
200901,0.67
200902,0.61
200903,0.58
200904,0.58
200905,0.59
200906,0.61
200907,0.62
200908,0.64
200909,0.65
200910,0.65
200911,0.66
200912,0.67
201001,0.77
201002,0.81
201003,0.84
201004,0.85
201005,0.83
201006,0.81
201007,0.79
201008,0.77
201009,0.76
201010,0.75
201011,0.76
201012,0.74
201101,0.56
201102,0.53
201103,0.57
201104,0.60
201105,0.59
201106,0.59
201107,0.61
201108,0.62
201109,0.62
201110,0.62
201111,0.62
201112,0.62
201201,0.51
201202,0.52
201203,0.52
201204,0.57
201205,0.61
201206,0.62
201207,0.62
201208,0.63
201209,0.64
201210,0.66
201211,0.67
201212,0.65
201301,0.69
201302,0.64
201303,0.65
201304,0.64
201305,0.64
201306,0.65
201307,0.65
201308,0.65
201309,0.66
201310,0.67
201311,0.68
201312,0.68
201401,0.75
201402,0.67
201403,0.71
201404,0.73
201405,0.75
201406,0.75
201407,0.73
201408,0.74
201409,0.76
201410,0.76
201411,0.75
201412,0.75
201501,0.83
201502,0.85
201503,0.88
201504,0.86
201505,0.86
201506,0.86
201507,0.85
201508,0.85
201509,0.86
201510,0.88
201511,0.89
201512,0.91
201601,1.21
201602,1.28
201603,1.30
201604,1.26
201605,1.20
201606,1.14
201607,1.10
201608,1.09
201609,1.07
201610,1.05
201611,1.04
201612,1.03
201701,1.05
201702,1.07
201703,1.09
201704,1.05
201705,1.02
201706,0.98
201707,0.96
201708,0.95
201709,0.94
201710,0.94
201711,0.93
201712,0.94
201801,0.84
201802,0.86
201803,0.87
201804,0.88
201805,0.87
201806,0.85
201807,0.85
201808,0.85
201809,0.85
201810,0.86
201811,0.86
201812,0.87
201901,0.92
201902,0.92
201903,0.99
201904,1.01
201905,0.99
201906,0.97
201907,0.97
201908,0.96
201909,0.96
201910,0.97
201911,0.97
201912,0.98
202001,1.16
202002,1.18
202003,1.17
202004,1.16
202005,1.13
202006,1.09
202007,1.07
202008,1.05
202009,1.04
202010,1.03
202011,1.03
202012,1.01
202101,0.84
202102,0.75
202103,0.79
202104,0.80
202105,0.80
202106,0.81
202107,0.82
202108,0.83
202109,0.84
202110,0.85
202111,0.86
202112,0.86
202201,0.92
202202,0.91
202203,0.96
202204,0.94
202205,0.92
202206,0.92
202207,0.92
202208,0.92
202209,0.91
202210,0.92
202211,0.90
202212,0.90
202301,0.89
202302,0.95
202303,1.04
202304,1.03
202305,1.02
202306,1.03
202307,1.05
202308,1.07
202309,1.11
202310,1.14
202311,1.17
202312,1.18
202401,1.31
202402,1.36
202403,1.36
202404,1.34
202405,1.31
202406,1.30
202407,1.28
202408,1.28
202409,1.28
